USE tech_barn;

INSERT INTO Admin (admin_id, first_name, last_name, username, salary, password, email, phone_no) 
VALUES (1, 'Michael', 'Scott', 'admin', 100000, 'password', 'michaelscott@theoffice.com', '1234567890');

INSERT INTO Cust_Rep (rep_id, first_name, last_name, username, salary, password, email, phone_no, region, admin_id) 
VALUES 
(1, 'Jim', 'Halpert', 'jimHalpert', 60000, 'ilovepam', 'jimhalpert@theoffice.com', '2353467890', 'Northeast', 1),
(2, 'Pam', 'Beesly', 'pamBeesly', 55000, 'ilovejim', 'pambeesly@theoffice.com', '3454567890', 'Northeast', 1),
(3, 'Dwight', 'Schrute', 'dwightSchrute', 65000, 'bearsBears', 'dwightSchrute@theoffice.com', '4565678901', 'Northeast', 1);

INSERT INTO Address (address_id, street_name, apt_no, city, state, zip) VALUES
(1, '123 Main Street', 'Apt 4B', 'New York', 'NY', '10001'),
(2, '456 Oak Avenue', 'Suite 200', 'Los Angeles', 'CA', '90001'),
(3, '789 Pine Road', NULL, 'Chicago', 'IL', '60601'),
(4, '321 Elm Drive', 'Apt 12', 'Houston', 'TX', '77001'),
(5, '654 Maple Lane', 'Unit 5', 'Phoenix', 'AZ', '85001'),
(6, '987 Cedar Street', NULL, 'Philadelphia', 'PA', '19101'),
(7, '147 Birch Court', 'Apt 8', 'San Antonio', 'TX', '78201'),
(8, '258 Spruce Way', 'Suite 101', 'San Diego', 'CA', '92101'),
(9, '369 Willow Avenue', NULL, 'Dallas', 'TX', '75201'),
(10, '741 Ash Boulevard', 'Apt 3C', 'San Jose', 'CA', '95101'),
(11, '852 Redwood Circle', 'Unit 7', 'Austin', 'TX', '78701'),
(12, '963 Cypress Drive', NULL, 'Jacksonville', 'FL', '32201'),
(13, '159 Sequoia Road', 'Apt 9', 'Fort Worth', 'TX', '76101'),
(14, '357 Poplar Street', 'Suite 15', 'Columbus', 'OH', '43201'),
(15, '468 Sycamore Lane', NULL, 'Charlotte', 'NC', '28201'),
(16, '579 Magnolia Avenue', 'Apt 2A', 'San Francisco', 'CA', '94101'),
(17, '681 Dogwood Court', 'Unit 11', 'Indianapolis', 'IN', '46201'),
(18, '792 Hickory Way', NULL, 'Seattle', 'WA', '98101'),
(19, '813 Chestnut Drive', 'Apt 6', 'Denver', 'CO', '80201'),
(20, '924 Walnut Street', 'Suite 20', 'Boston', 'MA', '02101'),
(21, '135 Cherry Lane', NULL, 'Nashville', 'TN', '37201'),
(22, '246 Apple Avenue', 'Apt 10', 'Detroit', 'MI', '48201'),
(23, '357 Peach Circle', 'Unit 4', 'Portland', 'OR', '97201'),
(24, '468 Orange Drive', NULL, 'Oklahoma City', 'OK', '73101'),
(25, '579 Lemon Street', 'Apt 5B', 'Las Vegas', 'NV', '89101'),
(26, '680 Lime Road', 'Suite 30', 'Memphis', 'TN', '38101'),
(27, '791 Grape Court', NULL, 'Louisville', 'KY', '40201'),
(28, '802 Berry Way', 'Apt 7', 'Baltimore', 'MD', '21201'),
(29, '913 Plum Lane', 'Unit 9', 'Milwaukee', 'WI', '53201'),
(30, '124 Banana Avenue', NULL, 'Albuquerque', 'NM', '87101');

INSERT INTO `User` (user_id, first_name, last_name, created_at, email, phone_no, username, password, dob, address_id, isBuyer, isSeller, rating) VALUES
(1, 'Alex', 'Martinez', '2024-01-15', 'alex.martinez@email.com', '5551001', 'amartinez', 'pass123', '1990-05-20', 1, 1, 1, 4.8),
(2, 'Taylor', 'Garcia', '2024-02-01', 'taylor.garcia@email.com', '5551002', 'tgarcia', 'pass456', '1988-09-12', 2, 1, 0, NULL),
(3, 'Jordan', 'Rodriguez', '2024-02-10', 'jordan.rodriguez@email.com', '5551003', 'jrodriguez', 'pass789', '1992-11-30', 3, 1, 1, NULL),
(4, 'Casey', 'Lewis', '2024-02-15', 'casey.lewis@email.com', '5551004', 'clewis', 'pass321', '1995-03-18', 4, 1, 0, NULL),
(5, 'Morgan', 'Walker', '2024-02-20', 'morgan.walker@email.com', '5551005', 'mwalker', 'pass654', '1987-07-25', 5, 1, 1, 3.2),
(6, 'Riley', 'Hall', '2024-03-01', 'riley.hall@email.com', '5551006', 'rhall', 'pass987', '1993-12-05', 6, 1, 0, NULL),
(7, 'Avery', 'Allen', '2024-03-05', 'avery.allen@email.com', '5551007', 'aallen', 'pass147', '1991-04-22', 7, 1, 1, 4.8),
(8, 'Quinn', 'Young', '2024-03-10', 'quinn.young@email.com', '5551008', 'qyoung', 'pass258', '1994-08-14', 8, 1, 0, NULL),
(9, 'Cameron', 'King', '2024-03-15', 'cameron.king@email.com', '5551009', 'cking', 'pass369', '1989-06-28', 9, 1, 1, 5.0),
(10, 'Dakota', 'Wright', '2024-03-20', 'dakota.wright@email.com', '5551010', 'dwright', 'pass741', '1996-01-10', 10, 1, 0, NULL),
(11, 'Sage', 'Lopez', '2024-03-25', 'sage.lopez@email.com', '5551011', 'slopez', 'pass852', '1990-10-03', 11, 1, 1, 2.5),
(12, 'Blake', 'Hill', '2024-04-01', 'blake.hill@email.com', '5551012', 'bhill', 'pass963', '1992-02-17', 12, 1, 0, NULL),
(13, 'River', 'Scott', '2024-04-05', 'river.scott@email.com', '5551013', 'rscott', 'pass159', '1988-09-21', 13, 1, 1, 4.6),
(14, 'Phoenix', 'Green', '2024-04-10', 'phoenix.green@email.com', '5551014', 'pgreen', 'pass357', '1993-05-08', 14, 1, 0, NULL),
(15, 'Skyler', 'Adams', '2024-04-15', 'skyler.adams@email.com', '5551015', 'sadams', 'pass468', '1991-11-15', 15, 1, 1, 4.9),
(16, 'Rowan', 'Baker', '2024-04-20', 'rowan.baker@email.com', '5551016', 'rbaker', 'pass579', '1994-07-27', 16, 1, 0, NULL),
(17, 'Finley', 'Nelson', '2024-04-25', 'finley.nelson@email.com', '5551017', 'fnelson', 'pass680', '1989-03-12', 17, 1, 1, NULL),
(18, 'Hayden', 'Carter', '2024-05-01', 'hayden.carter@email.com', '5551018', 'hcarter', 'pass791', '1995-12-04', 18, 1, 0, NULL),
(19, 'Reese', 'Mitchell', '2024-05-05', 'reese.mitchell@email.com', '5551019', 'rmitchell', 'pass802', '1992-08-19', 19, 1, 1, 1.8),
(20, 'Jamie', 'Perez', '2024-05-10', 'jamie.perez@email.com', '5551020', 'jperez', 'pass913', '1990-04-26', 20, 1, 0, NULL),
(21, 'Parker', 'Roberts', '2024-05-15', 'parker.roberts@email.com', '5551021', 'proberts', 'pass124', '1993-10-11', 21, 1, 1, 4.2),
(22, 'Avery', 'Turner', '2024-05-20', 'avery.turner@email.com', '5551022', 'aturner', 'pass246', '1996-06-23', 22, 1, 0, NULL),
(23, 'Drew', 'Phillips', '2024-05-25', 'drew.phillips@email.com', '5551023', 'dphillips', 'pass357', '1991-02-07', 23, 1, 1, 3.9),
(24, 'Emery', 'Campbell', '2024-06-01', 'emery.campbell@email.com', '5551024', 'ecampbell', 'pass468', '1988-09-30', 24, 1, 0, NULL),
(25, 'Hayden', 'Parker', '2024-06-05', 'hayden.parker@email.com', '5551025', 'hparker', 'pass579', '1994-05-14', 25, 1, 1, NULL),
(26, 'Ellis', 'Evans', '2024-06-10', 'ellis.evans@email.com', '5551026', 'eevans', 'pass680', '1992-11-28', 26, 1, 0, NULL),
(27, 'Harper', 'Edwards', '2024-06-15', 'harper.edwards@email.com', '5551027', 'hedwards', 'pass791', '1990-07-09', 27, 1, 1, 4.7),
(28, 'Robin', 'Collins', '2024-06-20', 'robin.collins@email.com', '5551028', 'rcollins', 'pass802', '1995-03-22', 28, 1, 0, NULL),
(29, 'Kai', 'Stewart', '2024-06-25', 'kai.stewart@email.com', '5551029', 'kstewart', 'pass913', '1993-12-16', 29, 1, 1, 2.1),
(30, 'Finley', 'Sanchez', '2024-07-01', 'finley.sanchez@email.com', '5551030', 'fsanchez', 'pass124', '1991-08-02', 30, 1, 0, NULL);

/*Commented some entries because not every user will have a card*/
INSERT INTO Card (user_id, card_name, card_no, exp_date, cvc, bill_add_id) VALUES
(1, 'Alex Martinez', '4532015112830366', '2026-12-31', '123', 1),
(2, 'Taylor Garcia', '5555555555554444', '2027-06-30', '456', 2),
(3, 'Jordan Rodriguez', '4111111111111111', '2028-03-31', '789', 3),
(4, 'Casey Lewis', '5105105105105100', '2026-09-30', '321', 4),
(5, 'Morgan Walker', '4000000000000002', '2027-11-30', '654', 5),
(6, 'Riley Hall', '4242424242424242', '2028-01-31', '987', 6),
(7, 'Avery Allen', '5200828282828210', '2026-08-31', '147', 7),
(8, 'Quinn Young', '371449635398431', '2027-04-30', '258', 8),
(9, 'Cameron King', '6011111111111117', '2028-07-31', '369', 9),
(10, 'Dakota Wright', '6011000990139424', '2026-10-31', '741', 10),
(11, 'Sage Lopez', '30569309025904', '2027-12-31', '852', 11),
(12, 'Blake Hill', '38520000023237', '2028-02-28', '963', 12),
(13, 'River Scott', '378282246310005', '2026-11-30', '159', 13),
(14, 'Phoenix Green', '378734493671000', '2027-05-31', '357', 14),
(15, 'Skyler Adams', '4000000000000010', '2028-09-30', '468', 15),
(16, 'Rowan Baker', '4242424242424242', '2026-07-31', '579', 16),
(17, 'Finley Nelson', '5555555555554444', '2027-03-31', '680', 17),
(18, 'Hayden Carter', '5105105105105100', '2028-06-30', '791', 18),
(19, 'Reese Mitchell', '4111111111111111', '2026-04-30', '802', 19),
(20, 'Jamie Perez', '4532015112830366', '2027-10-31', '913', 20);
/*(21, 'Parker Roberts', '4000000000000002', '2028-08-31', '124', 21),
(22, 'Avery Turner', '5200828282828210', '2026-12-31', '246', 22),
(23, 'Drew Phillips', '371449635398431', '2027-06-30', '357', 23),
(24, 'Emery Campbell', '6011111111111117', '2028-03-31', '468', 24),
(25, 'Hayden Parker', '6011000990139424', '2026-09-30', '579', 25),
(26, 'Ellis Evans', '30569309025904', '2027-11-30', '680', 26),
(27, 'Harper Edwards', '38520000023237', '2028-01-31', '791', 27),
(28, 'Robin Collins', '378282246310005', '2026-08-31', '802', 28),
(29, 'Kai Stewart', '378734493671000', '2027-04-30', '913', 29),
(30, 'Finley Sanchez', '4000000000000010', '2028-07-31', '124', 30);
*/

/*Some Sellers still need to add their account information so I commented out some entries*/
INSERT INTO Account (user_id, account_name, routing_number, account_number) VALUES
(1, 'Alex Martinez Checking', '110000000', '000123456789'),
-- (3, 'Jordan Rodriguez Savings', '121000248', '001234567890'),
(5, 'Morgan Walker Checking', '111000025', '002345678901'),
(7, 'Avery Allen Savings', '124003116', '003456789012'),
(9, 'Cameron King Checking', '125000105', '004567890123'),
(11, 'Sage Lopez Savings', '122105278', '005678901234'),
(13, 'River Scott Checking', '111000038', '006789012345'),
(15, 'Skyler Adams Savings', '122400724', '007890123456'),
-- (17, 'Finley Nelson Checking', '122105278', '008901234567'),
(19, 'Reese Mitchell Savings', '111000025', '009012345678'),
(21, 'Parker Roberts Checking', '124003116', '010123456789'),
(23, 'Drew Phillips Savings', '125000105', '011234567890'),
-- (25, 'Hayden Parker Checking', '110000000', '012345678901'),
(27, 'Harper Edwards Savings', '121000248', '013456789012'),
(29, 'Kai Stewart Checking', '111000038', '014567890123');

INSERT INTO Item (brand, `condition`, title, category_id, color, in_stock) VALUES
-- Phones (category_id = 1)
('Apple', 'New', 'iPhone 15 Pro', 1, 'Natural Titanium', 1),
('Apple', 'Like New', 'iPhone 14', 1, 'Midnight', 1),
('Samsung', 'New', 'Galaxy S24 Ultra', 1, 'Titanium Gray', 1),
('Samsung', 'Good', 'Galaxy S23', 1, 'Phantom Black', 1),
('Google', 'New', 'Pixel 8 Pro', 1, 'Obsidian', 1),
('Google', 'Like New', 'Pixel 7', 1, 'Snow', 1),
('OnePlus', 'New', 'OnePlus 12', 1, 'Silky Black', 1),
('OnePlus', 'Good', 'OnePlus 11', 1, 'Titan Black', 1),
('Apple', 'Fair', 'iPhone 13', 1, 'Blue', 1),
('Samsung', 'Like New', 'Galaxy S22', 1, 'Burgundy', 1),
-- TVs (category_id = 2)
('Samsung', 'New', 'Samsung QLED 65"', 2, 'Black', 1),
('LG', 'New', 'LG OLED 55"', 2, 'Black', 1),
('Sony', 'Like New', 'Sony Bravia 75"', 2, 'Silver', 1),
('TCL', 'New', 'TCL Roku TV 50"', 2, 'Black', 1),
('Vizio', 'Good', 'Vizio Smart TV 43"', 2, 'Black', 1),
('Samsung', 'New', 'Samsung QLED 55"', 2, 'Titanium', 1),
('LG', 'Like New', 'LG OLED 65"', 2, 'Silver', 1),
('Sony', 'New', 'Sony X90L 85"', 2, 'Black', 1),
('Hisense', 'Good', 'Hisense ULED 58"', 2, 'Gray', 1),
('Panasonic', 'New', 'Panasonic OLED 48"', 2, 'Black', 1),
-- Headphones (category_id = 3)
('Sony', 'New', 'Sony WH-1000XM5', 3, 'Black', 1),
('Apple', 'New', 'AirPods Pro 2', 3, 'White', 1),
('Bose', 'Like New', 'Bose QuietComfort 45', 3, 'Black', 1),
('Sennheiser', 'New', 'Sennheiser HD 660S', 3, 'Black', 1),
('Sony', 'Good', 'Sony WF-1000XM5', 3, 'Black', 1),
('Apple', 'Like New', 'AirPods Max', 3, 'Space Gray', 1),
('Bose', 'New', 'Bose 700', 3, 'Silver', 1),
('JBL', 'New', 'JBL Tune 770NC', 3, 'Blue', 1),
('Beats', 'Good', 'Beats Studio Pro', 3, 'Black', 1),
('Sony', 'Like New', 'Sony WH-1000XM4', 3, 'Silver', 1),
('Audio-Technica', 'New', 'ATH-M50xBT2', 3, 'Black', 1),
('Sennheiser', 'Good', 'Momentum 4', 3, 'Black', 1),
('Sony', 'New', 'Sony WH-XB910N', 3, 'Blue', 1),
('Apple', 'New', 'AirPods 3', 3, 'White', 1),
('Bose', 'Like New', 'Bose Sport Earbuds', 3, 'Triple Black', 1);

INSERT INTO Phone (item_id, os, storage_gb, ram_gb, screen_size, rear_camera_mp, front_camera_mp, isUnlocked, battery_life, is5G) VALUES
(1, 'iOS', 256, 8, 6.1, 48, 12, 1, 23, 1),
(2, 'iOS', 128, 6, 6.1, 12, 12, 0, 20, 0),
(3, 'Android', 512, 12, 6.8, 200, 12, 1, 25, 1),
(4, 'Android', 256, 8, 6.1, 50, 12, 0, 22, 0),
(5, 'Android', 128, 12, 6.7, 50, 10.5, 1, 24, 1),
(6, 'Android', 128, 8, 6.3, 50, 10.8, 1, 24, 0),
(7, 'Android', 256, 16, 6.82, 50, 32, 1, 27, 1),
(8, 'Android', 256, 16, 6.7, 50, 16, 1, 25, 1),
(9, 'iOS', 128, 4, 6.1, 12, 12, 0, 19, 0),
(10, 'Android', 128, 8, 6.1, 50, 10, 0, 23, 0);

INSERT INTO TV (item_id, resolution, isHdr, refresh_rate, isSmartTv, screen_size, panel_type) VALUES
(11, '8K UHD', 1, 120, 1, 65, 'QLED'),
(12, '4K UHD', 1, 120, 1, 55, 'OLED'),
(13, '8K UHD', 1, 120, 1, 75, 'LED'),
(14, 'Full HD', 0, 60, 0, 50, 'LED'),
(15, 'Full HD', 0, 60, 1, 43, 'LED'),
(16, '4K UHD', 1, 120, 1, 55, 'QLED'),
(17, '4K UHD', 1, 120, 1, 65, 'OLED'),
(18, '8K UHD', 1, 120, 1, 85, 'LED'),
(19, '4K UHD', 0, 60, 1, 58, 'ULED'),
(20, 'Full HD', 0, 60, 0, 48, 'OLED');

INSERT INTO Headphones (item_id, isWireless, hasMicrophone, hasNoiseCancellation, cable_type) VALUES
(21, 1, 1, 1, 'USB-C'),
(22, 1, 1, 1, 'Lightning'),
(23, 1, 1, 1, 'USB-C'),
(24, 0, 0, 0, '3.5mm'),
(25, 1, 1, 1, 'USB-C'),
(26, 1, 1, 1, 'Lightning'),
(27, 1, 1, 1, 'USB-C'),
(28, 1, 0, 1, 'USB-C'),
(29, 1, 0, 0, 'USB-C'),
(30, 0, 1, 0, '3.5mm'),
(31, 0, 0, 0, '3.5mm'),
(32, 1, 1, 1, 'USB-C'),
(33, 0, 0, 0, '3.5mm'),
(34, 1, 0, 0, 'Lightning'),
(35, 0, 1, 0, 'USB-C');

INSERT INTO Auction (auction_id, start_time, end_time, increment, status, minimum_price, starting_price, seller_id, item_id) VALUES
(1,  '2024-08-01 09:00:00', '2024-08-10 18:00:00', 10.00, 'ACTIVE', 500.00, 600.00, 1, 1),
(2,  '2024-08-02 10:00:00', '2024-08-11 20:00:00', 15.00, 'ACTIVE', 450.00, 550.00, 3, 2),
(3,  '2024-08-03 11:00:00', '2024-08-12 18:00:00', 25.00, 'ACTIVE', 800.00, 1000.00, 5, 3),
(4,  '2024-08-04 12:00:00', '2024-08-13 19:00:00', 20.00, 'ACTIVE', 400.00, 500.00, 7, 4),
(5,  '2024-08-05 09:00:00', '2024-08-14 17:00:00', 30.00, 'ACTIVE', 700.00, 850.00, 9, 5),
(6,  '2024-08-06 10:00:00', '2024-08-15 18:00:00', 12.00, 'ACTIVE', 350.00, 450.00, 11, 6),
(7,  '2024-08-07 11:00:00', '2024-08-16 20:00:00', 40.00, 'ACTIVE', 600.00, 750.00, 13, 7),
(8,  '2024-08-08 12:00:00', '2024-08-17 19:00:00', 18.00, 'ACTIVE', 550.00, 650.00, 15, 8),
(9,  '2024-08-01 14:00:00', '2024-08-08 18:00:00', 10.00, 'CLOSED_SOLD', 300.00, 400.00, 17, 9),
(10, '2024-08-02 15:00:00', '2024-08-09 20:00:00', 15.00, 'CLOSED_PRICE_NOT_MET', 450.00, 550.00, 19, 10),
(11, '2024-08-09 09:00:00', '2024-08-18 18:00:00', 50.00, 'ACTIVE', 1000.00, 1200.00, 21, 11),
(12, '2024-08-10 10:00:00', '2024-08-19 19:00:00', 45.00, 'ACTIVE', 900.00, 1100.00, 23, 12),
(13, '2024-08-11 11:00:00', '2024-08-20 20:00:00', 60.00, 'ACTIVE', 1500.00, 1800.00, 25, 13),
(14, '2024-08-12 12:00:00', '2024-08-21 18:00:00', 25.00, 'ACTIVE', 400.00, 500.00, 27, 14),
(15, '2024-08-13 09:00:00', '2024-08-22 17:00:00', 20.00, 'ACTIVE', 350.00, 450.00, 29, 15),
(16, '2024-08-14 10:00:00', '2024-08-23 19:00:00', 55.00, 'ACTIVE', 950.00, 1150.00, 1, 16),
(17, '2024-08-15 11:00:00', '2024-08-24 20:00:00', 50.00, 'ACTIVE', 1100.00, 1300.00, 3, 17),
(18, '2024-08-16 12:00:00', '2024-08-25 18:00:00', 70.00, 'ACTIVE', 2000.00, 2400.00, 5, 18),
(19, '2024-08-17 09:00:00', '2024-08-26 17:00:00', 35.00, 'ACTIVE', 650.00, 800.00, 7, 19),
(20, '2024-08-18 10:00:00', '2024-08-27 19:00:00', 40.00, 'ACTIVE', 750.00, 900.00, 9, 20),
(21, '2024-08-19 11:00:00', '2024-08-28 20:00:00', 15.00, 'ACTIVE', 300.00, 350.00, 11, 21),
(22, '2024-08-20 12:00:00', '2024-08-29 18:00:00', 12.00, 'REMOVED', 200.00, 250.00, 13, 22),
(23, '2024-08-03 14:00:00', '2024-08-10 20:00:00', 18.00, 'CLOSED_SOLD', 250.00, 300.00, 15, 23),
(24, '2024-08-04 15:00:00', '2024-08-11 19:00:00', 20.00, 'ACTIVE', 150.00, 200.00, 17, 24),
(25, '2024-08-21 09:00:00', '2024-08-30 17:00:00', 10.00, 'ACTIVE', 180.00, 220.00, 19, 25),
(26, '2024-08-22 10:00:00', '2024-08-31 18:00:00', 25.00, 'ACTIVE', 400.00, 500.00, 21, 26),
(27, '2024-08-23 11:00:00', '2024-09-01 19:00:00', 12.00, 'ACTIVE', 220.00, 270.00, 23, 27),
(28, '2024-08-24 12:00:00', '2024-09-02 20:00:00', 15.00, 'ACTIVE', 120.00, 150.00, 25, 28),
(29, '2024-08-25 09:00:00', '2024-09-03 18:00:00', 10.00, 'ACTIVE', 200.00, 250.00, 27, 29),
(30, '2024-08-26 10:00:00', '2024-09-04 17:00:00', 20.00, 'ACTIVE', 300.00, 350.00, 29, 30),
(31, '2024-08-05 14:00:00', '2024-08-12 19:00:00', 15.00, 'CLOSED_PRICE_NOT_MET', 180.00, 230.00, 1, 31),
(32, '2024-08-27 11:00:00', '2024-09-05 20:00:00', 12.00, 'ACTIVE', 250.00, 300.00, 3, 32),
(33, '2024-08-28 12:00:00', '2024-09-06 18:00:00', 18.00, 'ACTIVE', 280.00, 330.00, 5, 33),
(34, '2024-08-29 09:00:00', '2024-09-07 17:00:00', 10.00, 'REMOVED', 150.00, 180.00, 7, 34),
(35, '2024-08-30 10:00:00', '2024-09-08 19:00:00', 15.00, 'ACTIVE', 100.00, 130.00, 9, 35);

INSERT INTO `Transaction` (trans_id, auction_id, buyer_id, trans_time, status) VALUES
(1, 9,  4,  '2024-08-08 18:00:00', 'COMPLETED'),
(2, 23, 8,  '2024-08-10 19:15:00', 'COMPLETED');
-- Buyers can have multiple active bids per auction (treat their newest bid as the valid one)
INSERT INTO Bid (auction_id, bid_no, status, amount, bid_time, auto_bid, max_bid, buyer_id, rep_id, reason, remove_date) VALUES
--  WON BIDS
(9,  2, 'WON', 420.00, '2024-08-03 16:00:00', 0, NULL, 2, NULL, NULL, NULL),
(23, 2, 'WON', 320.00, '2024-08-06 18:45:00', 0, NULL, 8, NULL, NULL, NULL),
--  LOST BIDS
(9,  1, 'LOST', 410.00, '2024-08-02 15:30:00', 0, NULL, 4, NULL, NULL, NULL),
(23, 1, 'LOST', 310.00, '2024-08-05 16:15:00', 0, NULL, 10, NULL, NULL, NULL),
--  REMOVED BIDS
(11, 1, 'REMOVED', 1250.00, '2024-08-09 12:30:00', 0, NULL, 2, 1, 'Suspicious activity detected', '2024-08-09 13:00:00'),
(12, 1, 'REMOVED', 1150.00, '2024-08-10 14:20:00', 0, NULL, 4, 2, 'Invalid payment method', '2024-08-10 15:00:00'),
--  ACTIVE BIDS (multiple per buyer per auction allowed)
(1, 1, 'ACTIVE', 610.00, '2024-08-01 14:30:00', 0, NULL, 2, NULL, NULL, NULL),
(1, 2, 'ACTIVE', 630.00, '2024-08-02 10:15:00', 0, NULL, 4, NULL, NULL, NULL),
(1, 3, 'ACTIVE', 650.00, '2024-08-03 16:20:00', 1, 750.00, 6, NULL, NULL, NULL),
(2, 1, 'ACTIVE', 565.00, '2024-08-02 15:45:00', 0, NULL, 8, NULL, NULL, NULL),
(2, 2, 'ACTIVE', 580.00, '2024-08-03 11:30:00', 1, 650.00, 10, NULL, NULL, NULL),
(3, 1, 'ACTIVE', 1025.00, '2024-08-03 13:00:00', 0, NULL, 12, NULL, NULL, NULL),
(3, 2, 'ACTIVE', 1050.00, '2024-08-04 09:45:00', 1, 1200.00, 14, NULL, NULL, NULL),
(4, 1, 'ACTIVE', 520.00, '2024-08-04 14:20:00', 0, NULL, 16, NULL, NULL, NULL),
(5, 1, 'ACTIVE', 880.00, '2024-08-05 10:30:00', 0, NULL, 18, NULL, NULL, NULL),
(5, 2, 'ACTIVE', 910.00, '2024-08-06 15:10:00', 1, 1000.00, 20, NULL, NULL, NULL),
(13, 1, 'ACTIVE', 1860.00, '2024-08-11 16:45:00', 1, 2000.00, 6, NULL, NULL, NULL),
(14, 1, 'ACTIVE', 525.00,  '2024-08-12 11:15:00', 0, NULL, 8, NULL, NULL, NULL),
(15, 1, 'ACTIVE', 470.00,  '2024-08-13 13:30:00', 0, NULL, 10, NULL, NULL, NULL),
(16, 1, 'ACTIVE', 1205.00, '2024-08-14 15:00:00', 0, NULL, 12, NULL, NULL, NULL),
(17, 1, 'ACTIVE', 1350.00, '2024-08-15 10:45:00', 1, 1500.00, 14, NULL, NULL, NULL),
(18, 1, 'ACTIVE', 2470.00, '2024-08-16 17:20:00', 0, NULL, 16, NULL, NULL, NULL),
(19, 1, 'ACTIVE', 835.00,  '2024-08-17 12:10:00', 0, NULL, 18, NULL, NULL, NULL),
(20, 1, 'ACTIVE', 940.00,  '2024-08-18 14:30:00', 1, 1100.00, 20, NULL, NULL, NULL),
(21, 1, 'ACTIVE', 365.00,  '2024-08-19 11:45:00', 0, NULL, 22, NULL, NULL, NULL),
(22, 1, 'ACTIVE', 262.00,  '2024-08-20 13:20:00', 0, NULL, 24, NULL, NULL, NULL),
(24, 1, 'ACTIVE', 220.00,  '2024-08-04 16:30:00', 0, NULL, 26, NULL, NULL, NULL),
(25, 1, 'ACTIVE', 240.00,  '2024-08-21 10:15:00', 0, NULL, 28, NULL, NULL, NULL),
(26, 1, 'ACTIVE', 525.00,  '2024-08-22 12:45:00', 1, 600.00, 30, NULL, NULL, NULL),
(27, 1, 'ACTIVE', 282.00,  '2024-08-23 14:00:00', 0, NULL, 2, NULL, NULL, NULL),
(28, 1, 'ACTIVE', 165.00,  '2024-08-24 15:30:00', 0, NULL, 4, NULL, NULL, NULL),
(29, 1, 'ACTIVE', 270.00,  '2024-08-25 11:20:00', 0, NULL, 6, NULL, NULL, NULL),
(30, 1, 'ACTIVE', 370.00,  '2024-08-26 13:45:00', 1, 450.00, 8, NULL, NULL, NULL),
(32, 1, 'ACTIVE', 312.00,  '2024-08-27 16:10:00', 0, NULL, 10, NULL, NULL, NULL),
(33, 1, 'ACTIVE', 348.00,  '2024-08-28 12:25:00', 0, NULL, 14, NULL, NULL, NULL),
(34, 1, 'ACTIVE', 190.00,  '2024-08-29 14:40:00', 0, NULL, 16, NULL, NULL, NULL),
(35, 1, 'ACTIVE', 145.00,  '2024-08-30 10:55:00', 0, NULL, 18, NULL, NULL, NULL);


--Not sure what keyword does for alert?
INSERT INTO Alert (min_price, max_price, keyword, active, user_id, item_id) VALUES
(400.00, 700.00, 'iPhone', 'Yes', 2, 1),
(500.00, 800.00, 'Samsung', 'Yes', 4, 3),
(300.00, 500.00, 'Google', 'Yes', 6, 5),
(800.00, 1200.00, 'TV', 'Yes', 8, 11),
(900.00, 1300.00, 'OLED', 'Yes', 10, 12),
(200.00, 400.00, 'Headphone', 'Yes', 12, 21),
(150.00, 300.00, 'AirPods', 'Yes', 14, 22),
(800.00, 1200.00, 'Sony', 'Yes', 16, 23),
(1000.00, 1500.00, 'QLED', 'Yes', 18, 16),
(500.00, 800.00, 'OnePlus', 'Yes', 20, 7),
(400.00, 600.00, 'Pixel', 'Yes', 22, 6),
(250.00, 450.00, 'Bose', 'Yes', 24, 27),
(600.00, 900.00, 'iPhone', 'No', 26, 2),
(1200.00, 1800.00, 'Samsung', 'No', 28, 3),
(200.00, 350.00, 'Sony', 'Yes', 30, 21),
(350.00, 550.00, 'Samsung', 'Yes', 2, 4),
(850.00, 1100.00, 'LG', 'Yes', 4, 17),
(150.00, 250.00, 'Apple', 'Yes', 6, 34),
(1000.00, 1400.00, 'Sony', 'Yes', 8, 18),
(200.00, 400.00, 'Beats', 'Yes', 10, 29);

INSERT INTO Question (title, contents, status, date_asked, user_id, reply, rep_id) VALUES
('Shipping Time?', 'How long does shipping usually take?', 'Answered', '2024-08-01 10:00:00', 2, 'Standard shipping is 5-7 business days. Express shipping available.', 1),
('Return Policy', 'What is your return policy for items?', 'Answered', '2024-08-02 11:30:00', 4, 'Items can be returned within 30 days of purchase.', 2),
('Payment Method', 'Can I use PayPal for payment?', 'Pending', '2024-08-03 14:20:00', 6, NULL, NULL),
('Warranty Info', 'Do items come with warranty?', 'Answered', '2024-08-04 09:15:00', 8, 'New items come with manufacturer warranty. Used items vary.', 3),
('Bid Cancellation', 'How do I cancel a bid?', 'Answered', '2024-08-05 16:45:00', 10, 'You can cancel bids before the auction ends. Contact support if needed.', 1),
('Item Condition', 'What does "Like New" condition mean?', 'Answered', '2024-08-06 12:30:00', 12, 'Like New means item is in excellent condition with minimal wear.', 2),
('Auction Extension', 'Can auction end time be extended?', 'Pending', '2024-08-07 13:00:00', 14, NULL, NULL),
('Multiple Bids', 'Can I place multiple bids on same item?', 'Answered', '2024-08-08 15:20:00', 16, 'Yes, you can place multiple bids. Highest bid wins.', 3),
('Shipping Cost', 'How much is shipping?', 'Answered', '2024-08-09 10:45:00', 18, 'Shipping costs vary by item size and location. Calculated at checkout.', 2),
('Item Authenticity', 'How do you verify item authenticity?', 'Answered', '2024-08-10 11:30:00', 20, 'All items are verified by our authentication team before listing.', 3),
('Payment Issues', 'My payment was declined, what should I do?', 'Answered', '2024-08-11 14:15:00', 22, 'Please check your payment method and billing address. Contact bank if issue persists.', 1),
('Refund Time', 'How long do refunds take?', 'Answered', '2024-08-12 09:30:00', 24, 'Refunds are processed within 5-10 business days after item return.', 2),
('Auction Rules', 'What are the bidding rules?', 'Answered', '2024-08-13 16:00:00', 26, 'Minimum bid increments are set per auction. Auto-bid available.', 3),
('Item Description', 'Item received doesn''t match description', 'Pending', '2024-08-14 12:45:00', 28, NULL, NULL),
('Account Suspension', 'Why was my account suspended?', 'Answered', '2024-08-15 10:20:00', 30, 'Please contact support for details about account status.', 1),
('Buyer Protection', 'What buyer protection do you offer?', 'Answered', '2024-08-16 13:30:00', 2, 'We offer full buyer protection with money-back guarantee.', 2),
('Seller Fees', 'What fees do sellers pay?', 'Answered', '2024-08-17 15:45:00', 3, 'Seller fees are 10% of final sale price plus listing fee.', 3),
('Item Availability', 'Is item still available?', 'Answered', '2024-08-18 11:15:00', 5, 'Item availability is shown in real-time. Check auction status.', 2),
('Bid Retraction', 'Can I retract a bid?', 'Pending', '2024-08-19 14:30:00', 7, NULL, NULL),
('Contact Seller', 'How can I contact the seller?', 'Answered', '2024-08-20 10:00:00', 9, 'Use the question system or contact support to reach sellers.', 3);
